match_number,chronological_index,date,home,away,home_score,away_score,actual,is_test,elo_diff_scaled,smoothed_win_rate_diff,avg_point_margin_diff,recent5_margin_diff,hunter_margin_diff,survivor_margin_diff,head_to_head_margin,p_home_win_rate,p_home_elo,p_home_bradley_terry,p_home_form_logistic,p_home_ensemble
1,1,2025-10-02,Wolves,WBG,13,11,主胜,False,0.0,0.0,0.0,0.0,0.0,0.0,0.0,0.5,0.5,0.5,0.5,0.5
2,2,2025-10-02,GG,MRC,10,15,客胜,False,0.0,0.0,0.0,0.0,0.0,0.0,0.0,0.5,0.5,0.5,0.5,0.5
3,3,2025-10-02,GR,FPX.ZQ,16,9,主胜,False,0.0,0.0,0.0,0.0,0.0,0.0,0.0,0.5,0.5,0.5,0.5,0.5
4,4,2025-10-03,DOU5,TE,15,12,主胜,False,0.0,0.0,0.0,0.0,0.0,0.0,0.0,0.5,0.5,0.5,0.5,0.5
5,5,2025-10-03,ACT,GW,15,3,主胜,False,0.0,0.0,0.0,0.0,0.0,0.0,0.0,0.5,0.5,0.5,0.5,0.5
6,6,2025-10-03,Wolves,MRC,5,12,客胜,False,0.0,0.0,-0.075,-0.3,-0.20833333333333334,0.08333333333333333,0.0,0.5,0.5,0.5,0.5,0.5
7,7,2025-10-04,DOU5,FPX.ZQ,17,9,主胜,False,0.07,0.19999999999999996,0.25,1.0,0.3333333333333333,0.08333333333333334,0.0,0.6456563062257954,0.5402082283237456,0.5,0.5,0.5134027427745819
8,8,2025-10-04,WBG,GG,10,6,主胜,False,0.0,0.0,0.075,0.3,-0.08333333333333333,0.20833333333333334,0.0,0.5,0.5,0.5,0.5,0.5
9,9,2025-10-04,TE,ACT,14,10,主胜,False,-0.07,-0.19999999999999996,-0.375,-1.5,-0.29166666666666663,-0.43333333333333335,0.0,0.3543436937742046,0.45979177167625435,0.5,0.5,0.4865972572254181
10,10,2025-10-05,GR,GW,11,6,主胜,False,0.07,0.19999999999999996,0.475,1.9,0.3916666666666667,0.5,0.0,0.6456563062257954,0.5402082283237456,0.5,0.5,0.5134027427745819
11,11,2025-10-05,Wolves,GG,11,13,客胜,False,0.07,0.16666666666666669,0.08,0.2,0.0,0.125,0.0,0.6224593312018546,0.5402082283237456,0.5,0.5,0.5134027427745819
12,12,2025-10-05,WBG,TE,11,6,主胜,False,-0.0028145759826622907,0.0,0.02,0.05,-0.08333333333333333,0.11805555555555555,0.0,0.5,0.49837980549558747,0.5,0.5,0.4994599351651958
13,13,2025-10-06,MRC,DOU5,18,9,主胜,False,0.0028145759826622907,0.0,0.019999999999999973,0.05,-0.24305555555555558,0.3125,0.0,0.5,0.5016201945044125,0.8250486244963362,0.5,0.6088896063335829
14,14,2025-10-06,GR,ACT,16,9,主胜,False,0.07,0.16666666666666663,0.07999999999999999,0.2,0.3125,-0.1875,0.0,0.6224593312018545,0.5402082283237456,0.8089584954389347,0.5,0.6163889079208934
15,15,2025-10-06,FPX.ZQ,GW,10,6,主胜,False,0.0,0.0,0.039999999999999994,0.1,0.1111111111111111,0.0793650793650793,0.0,0.5,0.5,0.7925587819286589,0.5,0.5975195939762196
16,16,2025-10-10,GR,MRC,16,16,平局,False,-0.005515738350015909,0.0,-0.03333333333333335,-0.0666666666666667,-0.022727272727272707,-0.022727272727272728,0.0,0.5,0.4968249284531629,0.7228084564162878,0.5,0.5732111282898169
17,17,2025-10-10,WBG,FPX.ZQ,12,12,客胜,False,0.06729883763264638,0.14285714285714285,0.3,0.6,0.08409090909090908,0.3409090909090909,0.0,0.6055324872205857,0.5386629881474182,0.813164012538179,0.5,0.6172756668951991
18,18,2025-10-10,Wolves,DOU5,17,10,主胜,False,-0.07011341361530868,-0.14285714285714285,-0.15,-0.3,-0.5284090909090909,0.32765151515151514,0.0,0.3944675127794143,0.45972690842544667,0.6268308442503067,0.5,0.528852584225251
19,19,2025-10-11,ACT,GG,9,16,客胜,False,-0.0028145759826622907,0.0,0.13333333333333336,0.2666666666666667,0.09090909090909091,0.09090909090909091,0.0,0.5,0.49837980549558747,0.7631855450341268,0.5,0.5871884501765714
20,20,2025-10-11,MRC,FPX.ZQ,16,2,主胜,False,0.0991433462234312,0.1875,0.45714285714285713,0.8,0.22857142857142856,0.31785714285714284,0.0,0.6370307944803831,0.5568249283243785,0.8220761453598326,0.5,0.626300357894737
21,21,2025-10-11,Wolves,TE,17,9,主胜,False,0.03230337806020259,0.07142857142857145,0.06666666666666667,0.13333333333333333,-0.09577922077922077,0.1866883116883117,0.0,0.5533673727996529,0.5185867506021561,0.711374092288802,0.6572723447655786,0.6290777292188455
22,22,2025-10-12,ACT,WBG,6,10,客胜,False,-0.06729359082968074,-0.125,-0.18571428571428572,-0.325,-0.0989010989010989,-0.14285714285714285,0.0,0.40733340004593027,0.4613400140972426,0.7096692113423089,0.8312901491917015,0.6674331248770843
23,23,2025-10-12,GW,TE,19,7,主胜,False,-0.03618765892684223,-0.0892857142857143,-0.17857142857142858,-0.4,-0.2361111111111111,-0.1329365079365079,0.0,0.4334332387816774,0.4791807534204923,0.6850130683055397,0.676093023608484,0.6134289484448386
24,24,2025-10-12,GR,GG,12,5,主胜,False,0.09689194067560038,0.1875,0.27142857142857146,0.475,0.19404761904761902,0.12261904761904763,0.0,0.6370307944803831,0.5555452806964183,0.7397111993101443,0.6969561291624443,0.6640708697230023
25,25,2025-10-17,DOU5,GW,19,7,主胜,False,0.06020779797919999,0.125,0.05714285714285715,0.1,0.25416666666666665,-0.15000000000000002,0.0,0.5926665999540697,0.5346029919206491,0.7796467550876554,0.7307196008505515,0.6816564492862853
26,26,2025-10-17,Wolves,FPX.ZQ,15,11,主胜,False,0.05920473774971754,0.11111111111111116,0.4125,0.6599999999999999,0.16176470588235295,0.34650735294117646,0.0,0.5825702064623147,0.534028303840701,0.6777464535555424,0.7567917876323456,0.656188848342863
27,27,2025-10-17,MRC,ACT,13,11,主胜,False,0.23786697376520466,0.3888888888888889,0.5625,0.9,0.4117647058823529,0.2591911764705882,0.0,0.7625419716560975,0.6336038862478023,0.9232471595502622,0.8297204308367917,0.795523825544952
28,28,2025-10-18,TE,GG,16,9,主胜,False,-0.07404444436716404,-0.1111111111111111,-0.2125,-0.33999999999999997,-0.04871323529411765,-0.19485294117647056,0.0,0.4174297935376853,0.4574795406865565,0.6662770659925474,0.694770184786438,0.6061755971551807
29,29,2025-10-18,DOU5,GR,10,14,客胜,False,-0.10364742160622199,-0.16666666666666663,-0.2375,-0.38,0.04983660130718953,-0.33496732026143794,0.0,0.3775406687981454,0.44061733651340595,0.7371636917276229,0.7520087982950987,0.6432632755120425
30,30,2025-10-18,GW,WBG,5,12,客胜,False,-0.12800667275412309,-0.22222222222222227,-0.4,-0.64,-0.13333333333333333,-0.39999999999999997,0.0,0.33924363123418283,0.42684230399804995,0.6639302966267278,0.5387243658460904,0.5431656554902894
31,31,2025-10-19,Wolves,GR,5,13,客胜,False,-0.0952266603335869,-0.15000000000000002,-0.2,-0.25999999999999995,-0.16249999999999998,-0.0625,0.0,0.389360766050778,0.44540170191565975,0.5799425395167567,0.5502655206636746,0.5252032540320303
32,32,2025-10-19,MRC,WBG,12,5,主胜,False,0.10175454764470089,0.15000000000000002,0.21111111111111108,0.24000000000000005,0.19411764705882356,0.003676470588235295,0.0,0.610639233949222,0.5583081306294233,0.7991787086645314,0.8336781299191304,0.7303883230710283
33,33,2025-10-19,GG,GW,14,3,主胜,False,0.06179772846635217,0.10000000000000003,0.15555555555555556,0.14,0.0804953560371517,0.14705882352941174,0.0,0.574442516811659,0.5355137295898368,0.7899030384201012,0.8102057744489181,0.7118741808196187
34,34,2025-10-24,DOU5,ACT,13,12,主胜,False,0.1240424135661965,0.2,0.16666666666666666,0.48,0.31892230576441105,-0.12531328320802007,0.0,0.6456563062257954,0.5709230619660509,0.7991282687451755,0.8607912046177696,0.7436141784429987
35,35,2025-10-24,FPX.ZQ,TE,9,16,客胜,False,0.0063593916036569454,0.0,-0.13333333333333336,-0.16000000000000006,-0.1125,-0.05657894736842106,0.0,0.5,0.5036606946669123,0.761547887556982,0.6979118473338961,0.6543734765192635
36,36,2025-10-24,WBG,GR,5,12,客胜,False,-0.1640649302285203,-0.2272727272727273,-0.26999999999999996,-0.34,-0.27392344497607657,-0.013157894736842105,0.0,0.33585562413702275,0.4066640228504937,0.550553269890258,0.3265800355817803,0.4279324427741773
37,37,2025-10-25,Wolves,GW,19,14,主胜,False,0.19584223501336168,0.2727272727272727,0.43,0.62,0.298444976076555,0.2601674641148325,0.0,0.6938502543306269,0.6108635149217332,0.7684778196121141,0.9484616333480126,0.7759343226272867
38,38,2025-10-25,TE,MRC,11,6,主胜,False,-0.2214751767847372,-0.3181818181818182,-0.54,-0.8600000000000001,-0.2682806324110672,-0.3404150197628458,0.0,0.2779716137592362,0.37520162711238964,0.43919770816999393,0.1440758455405334,0.31949172694097233
39,39,2025-10-25,GG,DOU5,12,13,主胜,False,-0.060122745101547255,-0.09090909090909088,-0.06999999999999999,0.25999999999999995,-0.24702380952380953,0.16964285714285715,0.0,0.43223767646165645,0.46544573428730307,0.6950359056734153,0.581931809826461,0.5808044832623932
40,40,2025-10-26,ACT,FPX.ZQ,12,5,主胜,False,-0.06448796377438157,-0.09090909090909094,0.22999999999999998,0.0,0.09090909090909091,0.17045454545454544,0.0,0.43223767646165645,0.46294580294649074,0.6046570701623675,0.6964651293345705,0.588022667481143
41,41,2025-10-26,WBG,DOU5,17,9,主胜,True,0.011363968961652517,0.0,-0.009090909090909089,-0.12,-0.18121693121693122,0.18253968253968256,0.0,0.5,0.5065412531609679,0.7295115282768093,0.7239031511309347,0.6533186441895706
42,42,2025-10-26,MRC,GW,10,6,主胜,True,0.33645528059654906,0.45833333333333337,0.7545454545454545,0.82,0.5149456521739131,0.3695652173913043,0.0,0.7981867777396212,0.6845403724582857,0.9069021001418544,0.9686928351460158,0.8533784359153853
43,43,2025-10-31,Wolves,ACT,10,15,客胜,True,0.18265262864072157,0.25000000000000006,0.13636363636363638,0.45999999999999996,0.05689102564102566,0.09214743589743589,0.0,0.6791786991753931,0.6036204082134292,0.794729286281164,0.8599801173538196,0.7527766039494709
44,44,2025-10-31,TE,GR,11,16,客胜,True,-0.20667929315407718,-0.29166666666666663,-0.4545454545454545,-0.54,-0.25875000000000004,-0.26,0.0,0.2942149721629888,0.3832215363695453,0.5242977804119523,0.42023985819070325,0.44258639165740027
45,45,2025-10-31,GG,FPX.ZQ,14,11,主胜,True,0.13451506840865476,0.16666666666666669,0.35454545454545455,0.7,0.11458333333333333,0.29166666666666663,0.0,0.6224593312018546,0.5768199395405563,0.7823107770143766,0.8511319783376109,0.7367542316308479
46,46,2025-11-01,DOU5,WBG,14,18,客胜,True,-0.08044819351911656,-0.07692307692307687,-0.125,-0.06,0.07916666666666669,-0.22916666666666663,-0.8,0.4425623670886927,0.45382226474977144,0.644068141810444,0.5794698717183272,0.5591200927595142
47,47,2025-11-01,GW,GG,11,14,客胜,True,-0.24318893703922412,-0.30769230769230765,-0.39166666666666666,-0.76,-0.22962962962962963,-0.2411111111111111,-1.1,0.2843313650622078,0.36355596966403086,0.4792732656403863,0.021612956846082346,0.2881473973834998
48,48,2025-11-01,TE,FPX.ZQ,13,12,主胜,True,0.14827988223188185,0.15384615384615385,0.3,0.74,0.25,0.08664021164021163,0.7,0.6133790784625259,0.5845371278706508,0.7443325080680591,0.9626645342814358,0.7638447234067152
49,49,2025-11-02,MRC,GR,12,5,主胜,True,-0.07741922219155413,-0.07692307692307698,-0.05833333333333335,-0.18,-0.11431623931623935,0.06481481481481481,-0.0,0.44256236708869257,0.45555155851076373,0.6206806988334387,0.647423954869024,0.5745520707377422
50,50,2025-11-02,DOU5,Wolves,10,15,客胜,True,-0.09760827837968236,-0.10989010989010989,-0.08717948717948718,-0.36,0.08747464503042596,-0.17342799188640973,-0.7,0.41832083918910024,0.44404748852168824,0.6728554062813856,0.24864410698997497,0.4551823339310163
51,51,2025-11-02,ACT,TE,6,10,客胜,True,-0.0947866266607258,-0.11538461538461536,0.06089743589743589,-0.2,-0.11798088410991636,0.1813022700119474,-0.4,0.41431541304225217,0.4456519991168733,0.5895971990425032,0.48025155544079673,0.5051669178667244
52,52,2025-11-07,TE,DOU5,13,11,主胜,True,0.15652809768426665,0.1333333333333333,0.049999999999999996,0.54,0.05569205569205568,-0.012489762489762524,-0.3,0.598687660112452,0.5891419223478409,0.7577751348874223,0.5254055434555605,0.6241075335636078
53,53,2025-11-07,GW,FPX.ZQ,5,11,客胜,True,-0.045795176993675565,-0.07142857142857142,-0.03076923076923075,-0.15999999999999998,-0.1494047619047619,0.08571428571428569,-0.4,0.44663262720034713,0.4736625766153579,0.5888069296485631,0.38924348297867034,0.48390432974753045
54,54,2025-11-07,GG,WBG,5,12,客胜,True,-0.007887265565994426,0.0,-0.10769230769230771,0.08,-0.07976190476190476,-0.04642857142857144,-0.4,0.5,0.4954598497582601,0.6613954097068748,0.333033126102169,0.496629461855768
55,55,2025-11-08,ACT,MRC,11,13,客胜,True,-0.31792234250835916,-0.39285714285714285,-0.4230769230769231,-0.2,-0.32573891625615764,-0.16379310344827586,-0.2,0.23530915439507863,0.3247465112633717,0.3226761546924082,0.1455330542439297,0.26431857339990317
56,56,2025-11-08,WBG,Wolves,10,15,客胜,True,0.04997389749096157,0.02857142857142858,0.09505494505494505,0.08,0.07760416666666667,0.04375,-0.2,0.5214154615267241,0.5287355877353838,0.7000529335636205,0.6092946465680014,0.6126943892890019
57,57,2025-11-08,FPX.ZQ,GG,10,15,客胜,True,-0.18045302595235968,-0.2,-0.2571428571428571,-0.42000000000000004,-0.046875,-0.234375,-0.3,0.35434369377420455,0.39759203717493513,0.47404343961659423,0.1848125234476428,0.3521493334130574
58,58,2025-11-09,TE,WBG,11,13,客胜,True,0.01255082999771389,0.0,-0.13999999999999999,0.0,0.0246212121212121,-0.18181818181818182,-0.5,0.5,0.5072243357240482,0.5788390822874295,0.17430819499887804,0.4201238710034519
59,59,2025-11-09,GR,DOU5,14,11,主胜,True,0.34722903947424927,0.375,0.4241025641025641,0.7,0.32262931034482756,0.13556034482758617,0.4,0.7549149868676283,0.6898727386562051,0.832211986555884,0.9859047897997617,0.8359965050039503
60,60,2025-11-09,GW,ACT,11,13,客胜,True,-0.13668171929939774,-0.1333333333333333,-0.3571428571428571,-0.6799999999999999,-0.234375,-0.18593749999999998,-1.2,0.401312339887548,0.4219627460050434,0.4761231712829559,0.005013614716512426,0.30103317733483725
61,61,2025-11-14,GG,TE,16,9,主胜,True,0.010546162714541084,0.03308823529411764,0.03125,0.06,-0.07582417582417583,0.10787545787545788,-0.7,0.5247958193838347,0.5060705609565755,0.61051520959554,0.14798461968930093,0.4215234634138055
62,62,2025-11-14,FPX.ZQ,GR,11,16,客胜,True,-0.41596517115573933,-0.4541666666666667,-0.6352380952380953,-0.52,-0.44285714285714284,-0.24508928571428573,-0.7,0.2038342871997869,0.2773198491934907,0.2455666331279122,0.019630972033014706,0.18083915145147253
63,63,2025-11-14,GW,DOU5,10,14,客胜,True,-0.13913220243129218,-0.16544117647058826,-0.2870833333333333,0.040000000000000036,-0.30902043692741366,-0.039112050739957716,-1.2,0.3784050412167115,0.4205871053363154,0.42518104810433754,0.029019068425989197,0.29159574062221405
64,64,2025-11-15,GG,GR,4,13,客胜,True,-0.16468658870939293,-0.19301470588235292,-0.29625,-0.039999999999999994,-0.356390977443609,0.0381578947368421,-0.7,0.3591525718279954,0.4063186836387228,0.3953832762245488,0.10022370546260813,0.3006418884419599
65,65,2025-11-15,WBG,MRC,11,15,客胜,True,-0.1317617528210866,-0.17843137254901964,-0.24642857142857144,0.020000000000000018,-0.21796594982078854,-0.0625,-0.7,0.36928296787516185,0.42472833242057645,0.4135804623497389,0.10168585321904712,0.3133315493297875
66,66,2025-11-15,ACT,Wolves,10,15,客胜,True,-0.19063109033510103,-0.22499999999999998,-0.13333333333333333,0.12000000000000002,-0.07142857142857142,-0.06428571428571428,0.5,0.3373781628299175,0.39199254852374305,0.39316346747683845,0.7034231810131092,0.4961930656712303
67,67,2025-11-16,WBG,GW,12,5,主胜,True,0.39755432688799774,0.3790849673202614,0.4878676470588236,0.45999999999999996,0.32318376068376065,0.21688034188034186,0.7,0.7571752792544764,0.7141044420206429,0.8299195263747811,0.9932251633402065,0.8457497105785435
68,68,2025-11-16,GG,Wolves,15,10,主胜,True,-0.05776452109875322,-0.06944444444444442,-0.1384313725490196,-0.32,-0.053289473684210525,-0.08421052631578947,0.2,0.4481042327317688,0.46679700394574,0.5117891305760022,0.6266671156769574,0.5350844167328999
69,69,2025-11-16,MRC,TE,14,4,主胜,True,0.25452837382721893,0.28125,0.443921568627451,0.27999999999999997,0.24929971988795518,0.23389355742296916,-0.5,0.6992544210587585,0.6424636581113131,0.7831778191814847,0.8542834069098593,0.7599749614008857
70,70,2025-11-21,GW,GR,10,17,客胜,True,-0.6270875422240249,-0.6274509803921569,-0.7867647058823529,-0.74,-0.6456258890469416,-0.2203058321479374,-0.5,0.13211884356387052,0.19093867310392532,0.12139965961041267,0.00629737924360965,0.10621190398598253
71,71,2025-11-21,ACT,DOU5,6,10,客胜,True,-0.0002562744613919676,-0.03594771241830064,0.013970588235294113,0.12,-0.0981121281464531,0.10297482837528604,-0.1,0.47306531514572053,0.4998524765656516,0.5291053879029182,0.600466338345591,0.5431414009380536
72,72,2025-11-21,MRC,Wolves,9,15,客胜,True,0.20786163005856167,0.2058823529411764,0.325,0.44000000000000006,0.3145325203252033,0.0584349593495935,0.7,0.6496832198703003,0.617421740187987,0.7377459418112039,0.973004744384173,0.7760574754611212
73,73,2025-11-22,WBG,ACT,11,14,主胜,True,0.2547985665891639,0.24561403508771934,0.21013071895424834,0.4,0.16280487804878047,0.0649390243902439,0.4,0.6763049259958686,0.6426065539734663,0.7356244221563617,0.9072045765909399,0.7618118509069226
74,74,2025-11-22,TE,GW,15,10,主胜,True,0.3426005246643672,0.3157894736842105,0.3055555555555555,0.26,0.26150221729490025,0.083009977827051,-1.2,0.7205856384145326,0.68758797188437,0.7893049054316862,0.630759694815523,0.7025508573771931
75,75,2025-11-22,FPX.ZQ,Wolves,9,16,客胜,True,-0.3253208866668388,-0.3169934640522876,-0.4363970588235294,-0.4800000000000001,-0.09240430622009568,-0.3567583732057416,-0.4,0.27868769994255904,0.32102200997393043,0.3048497415082725,0.07583006216789728,0.23390060455003345
76,76,2025-11-23,GR,TE,12,5,主胜,True,0.2893495898261131,0.3055555555555556,0.48359133126934983,0.58,0.3541223404255319,0.1550531914893617,0.5,0.7143624294910559,0.6606634236749677,0.7824949859442634,0.9597941711633118,0.8009841935941809
77,77,2025-11-23,MRC,GG,16,9,主胜,True,0.14775820989655927,0.17105263157894735,0.3362745098039216,0.31999999999999995,0.2713178294573644,0.095855694692904,0.5,0.6255464664476061,0.584245383915614,0.6969112628814286,0.9125046348135966,0.7312204272035464
78,78,2025-11-23,FPX.ZQ,DOU5,10,15,客胜,True,-0.13163301596821556,-0.14327485380116955,-0.29117647058823526,-0.2,-0.12563516260162602,-0.1811483739837398,-0.8,0.39416822546318336,0.4248007614193534,0.44014784582357425,0.13514586320165672,0.3333648234815281
79,79,2025-11-27,GW,Wolves,6,10,客胜,True,-0.5268822607768686,-0.481578947368421,-0.5815789473684211,-0.86,-0.25967117988394584,-0.3498549323017408,-0.5,0.19081289298991097,0.22913688502756685,0.1791603751098555,0.024122408475017666,0.14413988953748
80,80,2025-11-27,FPX.ZQ,MRC,6,12,客胜,True,-0.5280538902225191,-0.5,-0.7222222222222222,-0.6599999999999999,-0.36553030303030304,-0.39123376623376627,-1.4,0.18242552380635635,0.2286607164437456,0.1677338558988767,0.004658607597437292,0.13368439331335322
81,81,2025-11-27,GG,ACT,13,5,主胜,True,0.2559741272090156,0.23421052631578954,0.04005847953216375,0.13999999999999999,0.026162790697674423,0.016051567239635994,0.7,0.6687709686389135,0.6432279730442055,0.7312141299316127,0.9303703412769527,0.7682708147509237
82,82,2025-11-28,FPX.ZQ,WBG,14,11,主胜,True,-0.3869558060490709,-0.35,-0.46842105263157896,-0.5,-0.16230237154150196,-0.32633399209486164,0.0,0.25922510081784605,0.2909037798692128,0.27251237454534877,0.08804131746163753,0.21715249062539968
83,83,2025-11-28,GR,Wolves,3,15,客胜,True,0.1565195160406222,0.1657894736842105,0.24795321637426895,0.28,0.37755102040816324,-0.09523809523809525,0.8,0.6218407013767708,0.5891371393664921,0.7062701857909527,0.9270538226671222,0.740820382608189
84,84,2025-11-28,GW,MRC,12,5,主胜,True,-0.6869819617398361,-0.6321428571428571,-0.8142105263157895,-0.9600000000000002,-0.5306324110671936,-0.3515316205533597,-0.4,0.1305132238351427,0.1705358396853969,0.10658745333702097,0.027435809537673606,0.10151970085336383
85,85,2025-11-29,DOU5,GG,17,8,主胜,True,-0.15595895339412608,-0.12142857142857139,-0.04105263157894737,0.08,0.024203431372549017,-0.06464460784313728,0.1,0.409922512693955,0.41117532682953206,0.4480576572396784,0.5262939823268098,0.4618423221320067
86,86,2025-11-29,ACT,GR,12,14,客胜,True,-0.4901776546212159,-0.47500000000000003,-0.42631578947368426,-0.5599999999999999,-0.4285353535353535,-0.029292929292929287,-0.7,0.1938789378238599,0.24440556741095823,0.19805360807869596,0.17410026965160272,0.20551981504708564
87,87,2025-11-29,TE,Wolves,14,12,主胜,True,-0.2215767942266501,-0.19047619047619047,-0.33499999999999996,-0.9,-0.041416566626650664,-0.29181672669067626,-0.8,0.36090725483714875,0.37514677720911094,0.39881610477827456,0.21909514526485804,0.33101934241741454
88,88,2025-11-30,DOU5,MRC,6,10,客胜,True,-0.2536747994627012,-0.261904761904762,-0.305,0.18,-0.22644927536231882,-0.10909822866344604,-0.9,0.3130896353396874,0.35798793498200704,0.34514206065182906,0.15715439653233212,0.28676146405538944
89,89,2025-11-30,FPX.ZQ,ACT,19,14,主胜,True,0.009597009998635143,0.0,-0.225,-0.07999999999999999,-0.05303996598639455,-0.17431972789115643,-0.7,0.5,0.5055242582420323,0.5705254718491306,0.3211354664853142,0.4657283988588257
90,90,2025-11-30,GR,WBG,16,16,平局,True,0.2271150888293539,0.2142857142857143,0.23500000000000001,0.28,0.32978723404255317,-0.07978723404255318,0.7,0.6553990357712653,0.6278377406107873,0.7498839205470924,0.8559241306458156,0.7445485972678986
