match_number,date,home,away,actual,binary_target,split
1,2025-10-02,Wolves,WBG,主胜,1.0,training
2,2025-10-02,GG,MRC,客胜,0.0,training
3,2025-10-02,GR,FPX.ZQ,主胜,1.0,training
4,2025-10-03,DOU5,TE,主胜,1.0,training
5,2025-10-03,ACT,GW,主胜,1.0,training
6,2025-10-03,Wolves,MRC,客胜,0.0,training
7,2025-10-04,DOU5,FPX.ZQ,主胜,1.0,training
8,2025-10-04,WBG,GG,主胜,1.0,training
9,2025-10-04,TE,ACT,主胜,1.0,training
10,2025-10-05,GR,GW,主胜,1.0,training
11,2025-10-05,Wolves,GG,客胜,0.0,training
12,2025-10-05,WBG,TE,主胜,1.0,training
13,2025-10-06,MRC,DOU5,主胜,1.0,training
14,2025-10-06,GR,ACT,主胜,1.0,training
15,2025-10-06,FPX.ZQ,GW,主胜,1.0,training
16,2025-10-10,GR,MRC,平局,,training
17,2025-10-10,WBG,FPX.ZQ,客胜,0.0,training
18,2025-10-10,Wolves,DOU5,主胜,1.0,training
19,2025-10-11,ACT,GG,客胜,0.0,training
20,2025-10-11,MRC,FPX.ZQ,主胜,1.0,training
21,2025-10-11,Wolves,TE,主胜,1.0,training
22,2025-10-12,ACT,WBG,客胜,0.0,training
23,2025-10-12,GW,TE,主胜,1.0,training
24,2025-10-12,GR,GG,主胜,1.0,training
25,2025-10-17,DOU5,GW,主胜,1.0,training
26,2025-10-17,Wolves,FPX.ZQ,主胜,1.0,training
27,2025-10-17,MRC,ACT,主胜,1.0,training
28,2025-10-18,TE,GG,主胜,1.0,training
29,2025-10-18,DOU5,GR,客胜,0.0,training
30,2025-10-18,GW,WBG,客胜,0.0,training
31,2025-10-19,Wolves,GR,客胜,0.0,training
32,2025-10-19,MRC,WBG,主胜,1.0,training
33,2025-10-19,GG,GW,主胜,1.0,training
34,2025-10-24,DOU5,ACT,主胜,1.0,training
35,2025-10-24,FPX.ZQ,TE,客胜,0.0,training
36,2025-10-24,WBG,GR,客胜,0.0,training
37,2025-10-25,Wolves,GW,主胜,1.0,training
38,2025-10-25,TE,MRC,主胜,1.0,training
39,2025-10-25,GG,DOU5,主胜,1.0,training
40,2025-10-26,ACT,FPX.ZQ,主胜,1.0,training
41,2025-10-26,WBG,DOU5,主胜,1.0,training
42,2025-10-26,MRC,GW,主胜,1.0,training
43,2025-10-31,Wolves,ACT,客胜,0.0,training
44,2025-10-31,TE,GR,客胜,0.0,training
45,2025-10-31,GG,FPX.ZQ,主胜,1.0,training
46,2025-11-01,DOU5,WBG,客胜,0.0,training
47,2025-11-01,GW,GG,客胜,0.0,training
48,2025-11-01,TE,FPX.ZQ,主胜,1.0,training
49,2025-11-02,MRC,GR,主胜,1.0,training
50,2025-11-02,DOU5,Wolves,客胜,0.0,training
51,2025-11-02,ACT,TE,客胜,0.0,training
52,2025-11-07,TE,DOU5,主胜,1.0,training
53,2025-11-07,GW,FPX.ZQ,客胜,0.0,training
54,2025-11-07,GG,WBG,客胜,0.0,training
55,2025-11-08,ACT,MRC,客胜,0.0,training
56,2025-11-08,WBG,Wolves,客胜,0.0,training
57,2025-11-08,FPX.ZQ,GG,客胜,0.0,training
58,2025-11-09,TE,WBG,客胜,0.0,training
59,2025-11-09,GR,DOU5,主胜,1.0,training
60,2025-11-09,GW,ACT,客胜,0.0,training
61,2025-11-14,GG,TE,主胜,1.0,validation
62,2025-11-14,FPX.ZQ,GR,客胜,0.0,validation
63,2025-11-14,GW,DOU5,客胜,0.0,validation
64,2025-11-15,GG,GR,客胜,0.0,validation
65,2025-11-15,WBG,MRC,客胜,0.0,validation
66,2025-11-15,ACT,Wolves,客胜,0.0,validation
67,2025-11-16,WBG,GW,主胜,1.0,validation
68,2025-11-16,GG,Wolves,主胜,1.0,validation
69,2025-11-16,MRC,TE,主胜,1.0,validation
70,2025-11-21,GW,GR,客胜,0.0,validation
71,2025-11-21,ACT,DOU5,客胜,0.0,validation
72,2025-11-21,MRC,Wolves,客胜,0.0,validation
73,2025-11-22,WBG,ACT,主胜,1.0,validation
74,2025-11-22,TE,GW,主胜,1.0,validation
75,2025-11-22,FPX.ZQ,Wolves,客胜,0.0,validation
76,2025-11-23,GR,TE,主胜,1.0,test
77,2025-11-23,MRC,GG,主胜,1.0,test
78,2025-11-23,FPX.ZQ,DOU5,客胜,0.0,test
79,2025-11-27,GW,Wolves,客胜,0.0,test
80,2025-11-27,FPX.ZQ,MRC,客胜,0.0,test
81,2025-11-27,GG,ACT,主胜,1.0,test
82,2025-11-28,FPX.ZQ,WBG,主胜,1.0,test
83,2025-11-28,GR,Wolves,客胜,0.0,test
84,2025-11-28,GW,MRC,主胜,1.0,test
85,2025-11-29,DOU5,GG,主胜,1.0,test
86,2025-11-29,ACT,GR,客胜,0.0,test
87,2025-11-29,TE,Wolves,主胜,1.0,test
88,2025-11-30,DOU5,MRC,客胜,0.0,test
89,2025-11-30,FPX.ZQ,ACT,主胜,1.0,test
90,2025-11-30,GR,WBG,平局,,test
