大场序号,date,time,home,away,home_score,away_score,half_rounds,margin,target,home_round_wins,away_round_wins,score_target,deciding_rule,label_disagreement
1,2025-10-02,1400,Wolves,WBG,13,11,6,2,1.0,1,0,1.0,round_wins,False
2,2025-10-02,1600,GG,MRC,10,15,6,-5,0.0,1,2,0.0,round_wins,False
3,2025-10-02,1800,GR,FPX.ZQ,16,9,6,7,1.0,2,0,1.0,round_wins,False
4,2025-10-03,1400,DOU5,TE,15,12,6,3,1.0,1,1,1.0,total_score,False
5,2025-10-03,1600,ACT,GW,15,3,4,12,1.0,2,0,1.0,round_wins,False
6,2025-10-03,1800,Wolves,MRC,5,12,4,-7,0.0,0,2,0.0,round_wins,False
7,2025-10-04,1400,DOU5,FPX.ZQ,17,9,6,8,1.0,2,0,1.0,round_wins,False
8,2025-10-04,1600,WBG,GG,10,6,4,4,1.0,2,0,1.0,round_wins,False
9,2025-10-04,1800,TE,ACT,14,10,6,4,1.0,2,0,1.0,round_wins,False
10,2025-10-05,1400,GR,GW,11,6,4,5,1.0,2,0,1.0,round_wins,False
11,2025-10-05,1600,Wolves,GG,11,13,6,-2,0.0,0,1,0.0,round_wins,False
12,2025-10-05,1800,WBG,TE,11,6,4,5,1.0,2,0,1.0,round_wins,False
13,2025-10-06,1400,MRC,DOU5,18,9,6,9,1.0,2,1,1.0,round_wins,False
14,2025-10-06,1600,GR,ACT,16,9,6,7,1.0,2,1,1.0,round_wins,False
15,2025-10-06,1800,FPX.ZQ,GW,10,6,4,4,1.0,2,0,1.0,round_wins,False
16,2025-10-10,1400,GR,MRC,16,16,8,0,0.5,1,1,0.5,draw_or_unresolved,False
17,2025-10-10,1600,WBG,FPX.ZQ,12,12,6,0,0.0,1,2,0.5,round_wins,True
18,2025-10-10,1800,Wolves,DOU5,17,10,6,7,1.0,2,0,1.0,round_wins,False
19,2025-10-11,1400,ACT,GG,9,16,6,-7,0.0,0,1,0.0,round_wins,False
20,2025-10-11,1600,MRC,FPX.ZQ,16,2,4,14,1.0,2,0,1.0,round_wins,False
21,2025-10-11,1800,Wolves,TE,17,9,6,8,1.0,2,0,1.0,round_wins,False
22,2025-10-12,1400,ACT,WBG,6,10,4,-4,0.0,0,2,0.0,round_wins,False
23,2025-10-12,1600,GW,TE,19,7,6,12,1.0,2,0,1.0,round_wins,False
24,2025-10-12,1800,GR,GG,12,5,4,7,1.0,2,0,1.0,round_wins,False
25,2025-10-17,1400,DOU5,GW,19,7,6,12,1.0,2,0,1.0,round_wins,False
26,2025-10-17,1600,Wolves,FPX.ZQ,15,11,6,4,1.0,1,1,1.0,total_score,False
27,2025-10-17,1800,MRC,ACT,13,11,6,2,1.0,1,0,1.0,round_wins,False
28,2025-10-18,1400,TE,GG,16,9,6,7,1.0,2,0,1.0,round_wins,False
29,2025-10-18,1600,DOU5,GR,10,14,6,-4,0.0,1,2,0.0,round_wins,False
30,2025-10-18,1800,GW,WBG,5,12,4,-7,0.0,0,2,0.0,round_wins,False
31,2025-10-19,1400,Wolves,GR,5,13,4,-8,0.0,0,2,0.0,round_wins,False
32,2025-10-19,1600,MRC,WBG,12,5,4,7,1.0,2,0,1.0,round_wins,False
33,2025-10-19,1800,GG,GW,14,3,4,11,1.0,2,0,1.0,round_wins,False
34,2025-10-24,1400,DOU5,ACT,13,12,6,1,1.0,2,1,1.0,round_wins,False
35,2025-10-24,1600,FPX.ZQ,TE,9,16,6,-7,0.0,0,1,0.0,round_wins,False
36,2025-10-24,1800,WBG,GR,5,12,4,-7,0.0,0,2,0.0,round_wins,False
37,2025-10-25,1400,Wolves,GW,19,14,8,5,1.0,1,0,1.0,round_wins,False
38,2025-10-25,1600,TE,MRC,11,6,4,5,1.0,2,0,1.0,round_wins,False
39,2025-10-25,1800,GG,DOU5,12,13,6,-1,1.0,2,1,0.0,round_wins,True
40,2025-10-26,1400,ACT,FPX.ZQ,12,5,4,7,1.0,2,0,1.0,round_wins,False
41,2025-10-26,1600,WBG,DOU5,17,9,6,8,1.0,2,1,1.0,round_wins,False
42,2025-10-26,1800,MRC,GW,10,6,4,4,1.0,2,0,1.0,round_wins,False
43,2025-10-31,1400,Wolves,ACT,10,15,6,-5,0.0,1,1,0.0,total_score,False
44,2025-10-31,1600,TE,GR,11,16,6,-5,0.0,1,2,0.0,round_wins,False
45,2025-10-31,1800,GG,FPX.ZQ,14,11,6,3,1.0,1,1,1.0,total_score,False
46,2025-11-01,1400,DOU5,WBG,14,18,8,-4,0.0,0,1,0.0,round_wins,False
47,2025-11-01,1600,GW,GG,11,14,6,-3,0.0,1,1,0.0,total_score,False
48,2025-11-01,1800,TE,FPX.ZQ,13,12,6,1,1.0,1,1,1.0,total_score,False
49,2025-11-02,1400,MRC,GR,12,5,4,7,1.0,2,0,1.0,round_wins,False
50,2025-11-02,1600,DOU5,Wolves,10,15,6,-5,0.0,0,1,0.0,round_wins,False
51,2025-11-02,1800,ACT,TE,6,10,4,-4,0.0,0,2,0.0,round_wins,False
52,2025-11-07,1400,TE,DOU5,13,11,6,2,1.0,1,0,1.0,round_wins,False
53,2025-11-07,1600,GW,FPX.ZQ,5,11,4,-6,0.0,0,2,0.0,round_wins,False
54,2025-11-07,1800,GG,WBG,5,12,4,-7,0.0,0,2,0.0,round_wins,False
55,2025-11-08,1400,ACT,MRC,11,13,6,-2,0.0,1,1,0.0,total_score,False
56,2025-11-08,1600,WBG,Wolves,10,15,6,-5,0.0,1,2,0.0,round_wins,False
57,2025-11-08,1800,FPX.ZQ,GG,10,15,6,-5,0.0,0,1,0.0,round_wins,False
58,2025-11-09,1400,TE,WBG,11,13,6,-2,0.0,1,2,0.0,round_wins,False
59,2025-11-09,1600,GR,DOU5,14,11,6,3,1.0,1,0,1.0,round_wins,False
60,2025-11-09,1800,GW,ACT,11,13,6,-2,0.0,0,1,0.0,round_wins,False
61,2025-11-14,1400,GG,TE,16,9,6,7,1.0,2,0,1.0,round_wins,False
62,2025-11-14,1600,FPX.ZQ,GR,11,16,6,-5,0.0,1,2,0.0,round_wins,False
63,2025-11-14,1800,GW,DOU5,10,14,6,-4,0.0,0,2,0.0,round_wins,False
64,2025-11-15,1400,GG,GR,4,13,4,-9,0.0,0,2,0.0,round_wins,False
65,2025-11-15,1600,WBG,MRC,11,15,6,-4,0.0,1,2,0.0,round_wins,False
66,2025-11-15,1800,ACT,Wolves,10,15,6,-5,0.0,0,1,0.0,round_wins,False
67,2025-11-16,1400,WBG,GW,12,5,4,7,1.0,2,0,1.0,round_wins,False
68,2025-11-16,1600,GG,Wolves,15,10,6,5,1.0,1,0,1.0,round_wins,False
69,2025-11-16,1800,MRC,TE,14,4,4,10,1.0,2,0,1.0,round_wins,False
70,2025-11-21,1400,GW,GR,10,17,6,-7,0.0,0,2,0.0,round_wins,False
71,2025-11-21,1600,ACT,DOU5,6,10,4,-4,0.0,0,2,0.0,round_wins,False
72,2025-11-21,1800,MRC,Wolves,9,15,6,-6,0.0,0,2,0.0,round_wins,False
73,2025-11-22,1400,WBG,ACT,11,14,6,-3,1.0,2,1,0.0,round_wins,True
74,2025-11-22,1600,TE,GW,15,10,6,5,1.0,2,0,1.0,round_wins,False
75,2025-11-22,1800,FPX.ZQ,Wolves,9,16,6,-7,0.0,0,2,0.0,round_wins,False
76,2025-11-23,1400,GR,TE,12,5,4,7,1.0,2,0,1.0,round_wins,False
77,2025-11-23,1600,MRC,GG,16,9,6,7,1.0,1,0,1.0,round_wins,False
78,2025-11-23,1800,FPX.ZQ,DOU5,10,15,6,-5,0.0,0,1,0.0,round_wins,False
79,2025-11-27,1400,GW,Wolves,6,10,4,-4,0.0,0,2,0.0,round_wins,False
80,2025-11-27,1600,FPX.ZQ,MRC,6,12,4,-6,0.0,0,2,0.0,round_wins,False
81,2025-11-27,1800,GG,ACT,13,5,4,8,1.0,2,0,1.0,round_wins,False
82,2025-11-28,1400,FPX.ZQ,WBG,14,11,6,3,1.0,1,1,1.0,total_score,False
83,2025-11-28,1600,GR,Wolves,3,15,4,-12,0.0,0,2,0.0,round_wins,False
84,2025-11-28,1800,GW,MRC,12,5,4,7,1.0,2,0,1.0,round_wins,False
85,2025-11-29,1400,DOU5,GG,17,8,6,9,1.0,2,0,1.0,round_wins,False
86,2025-11-29,1600,ACT,GR,12,14,6,-2,0.0,1,2,0.0,round_wins,False
87,2025-11-29,1800,TE,Wolves,14,12,6,2,1.0,2,1,1.0,round_wins,False
88,2025-11-30,1400,DOU5,MRC,6,10,4,-4,0.0,0,2,0.0,round_wins,False
89,2025-11-30,1600,FPX.ZQ,ACT,19,14,8,5,1.0,2,1,1.0,round_wins,False
90,2025-11-30,1800,GR,WBG,16,16,8,0,0.5,1,1,0.5,draw_or_unresolved,False
