match_number,date,home,away,actual,elo_diff_scaled,smoothed_win_rate_diff,avg_point_margin_diff,recent5_margin_diff,hunter_margin_diff,survivor_margin_diff,head_to_head_margin
1,2025-10-02,Wolves,WBG,主胜,0.0,0.0,0.0,0.0,0.0,0.0,0.0
2,2025-10-02,GG,MRC,客胜,0.0,0.0,0.0,0.0,0.0,0.0,0.0
3,2025-10-02,GR,FPX.ZQ,主胜,0.0,0.0,0.0,0.0,0.0,0.0,0.0
4,2025-10-03,DOU5,TE,主胜,0.0,0.0,0.0,0.0,0.0,0.0,0.0
5,2025-10-03,ACT,GW,主胜,0.0,0.0,0.0,0.0,0.0,0.0,0.0
6,2025-10-03,Wolves,MRC,客胜,0.0,0.0,-0.075,-0.3,-0.20833333333333334,0.08333333333333333,0.0
7,2025-10-04,DOU5,FPX.ZQ,主胜,0.07,0.19999999999999996,0.25,1.0,0.3333333333333333,0.08333333333333334,0.0
8,2025-10-04,WBG,GG,主胜,0.0,0.0,0.075,0.3,-0.08333333333333333,0.20833333333333334,0.0
9,2025-10-04,TE,ACT,主胜,-0.07,-0.19999999999999996,-0.375,-1.5,-0.29166666666666663,-0.43333333333333335,0.0
10,2025-10-05,GR,GW,主胜,0.07,0.19999999999999996,0.475,1.9,0.3916666666666667,0.5,0.0
11,2025-10-05,Wolves,GG,客胜,0.07,0.16666666666666669,0.08,0.2,0.0,0.125,0.0
12,2025-10-05,WBG,TE,主胜,-0.0028145759826622907,0.0,0.02,0.05,-0.08333333333333333,0.11805555555555555,0.0
13,2025-10-06,MRC,DOU5,主胜,0.0028145759826622907,0.0,0.019999999999999973,0.05,-0.24305555555555558,0.3125,0.0
14,2025-10-06,GR,ACT,主胜,0.07,0.16666666666666663,0.07999999999999999,0.2,0.3125,-0.1875,0.0
15,2025-10-06,FPX.ZQ,GW,主胜,0.0,0.0,0.039999999999999994,0.1,0.1111111111111111,0.0793650793650793,0.0
16,2025-10-10,GR,MRC,平局,-0.005515738350015909,0.0,-0.03333333333333335,-0.0666666666666667,-0.022727272727272707,-0.022727272727272728,0.0
17,2025-10-10,WBG,FPX.ZQ,客胜,0.06729883763264638,0.14285714285714285,0.3,0.6,0.08409090909090908,0.3409090909090909,0.0
18,2025-10-10,Wolves,DOU5,主胜,-0.07011341361530868,-0.14285714285714285,-0.15,-0.3,-0.5284090909090909,0.32765151515151514,0.0
19,2025-10-11,ACT,GG,客胜,-0.0028145759826622907,0.0,0.13333333333333336,0.2666666666666667,0.09090909090909091,0.09090909090909091,0.0
20,2025-10-11,MRC,FPX.ZQ,主胜,0.0991433462234312,0.1875,0.45714285714285713,0.8,0.22857142857142856,0.31785714285714284,0.0
21,2025-10-11,Wolves,TE,主胜,0.03230337806020259,0.07142857142857145,0.06666666666666667,0.13333333333333333,-0.09577922077922077,0.1866883116883117,0.0
22,2025-10-12,ACT,WBG,客胜,-0.06729359082968074,-0.125,-0.18571428571428572,-0.325,-0.0989010989010989,-0.14285714285714285,0.0
23,2025-10-12,GW,TE,主胜,-0.03618765892684223,-0.0892857142857143,-0.17857142857142858,-0.4,-0.2361111111111111,-0.1329365079365079,0.0
24,2025-10-12,GR,GG,主胜,0.09689194067560038,0.1875,0.27142857142857146,0.475,0.19404761904761902,0.12261904761904763,0.0
25,2025-10-17,DOU5,GW,主胜,0.06020779797919999,0.125,0.05714285714285715,0.1,0.25416666666666665,-0.15000000000000002,0.0
26,2025-10-17,Wolves,FPX.ZQ,主胜,0.05920473774971754,0.11111111111111116,0.4125,0.6599999999999999,0.16176470588235295,0.34650735294117646,0.0
27,2025-10-17,MRC,ACT,主胜,0.23786697376520466,0.3888888888888889,0.5625,0.9,0.4117647058823529,0.2591911764705882,0.0
28,2025-10-18,TE,GG,主胜,-0.07404444436716404,-0.1111111111111111,-0.2125,-0.33999999999999997,-0.04871323529411765,-0.19485294117647056,0.0
29,2025-10-18,DOU5,GR,客胜,-0.10364742160622199,-0.16666666666666663,-0.2375,-0.38,0.04983660130718953,-0.33496732026143794,0.0
30,2025-10-18,GW,WBG,客胜,-0.12800667275412309,-0.22222222222222227,-0.4,-0.64,-0.13333333333333333,-0.39999999999999997,0.0
31,2025-10-19,Wolves,GR,客胜,-0.0952266603335869,-0.15000000000000002,-0.2,-0.25999999999999995,-0.16249999999999998,-0.0625,0.0
32,2025-10-19,MRC,WBG,主胜,0.10175454764470089,0.15000000000000002,0.21111111111111108,0.24000000000000005,0.19411764705882356,0.003676470588235295,0.0
33,2025-10-19,GG,GW,主胜,0.06179772846635217,0.10000000000000003,0.15555555555555556,0.14,0.0804953560371517,0.14705882352941174,0.0
34,2025-10-24,DOU5,ACT,主胜,0.1240424135661965,0.2,0.16666666666666666,0.48,0.31892230576441105,-0.12531328320802007,0.0
35,2025-10-24,FPX.ZQ,TE,客胜,0.0063593916036569454,0.0,-0.13333333333333336,-0.16000000000000006,-0.1125,-0.05657894736842106,0.0
36,2025-10-24,WBG,GR,客胜,-0.1640649302285203,-0.2272727272727273,-0.26999999999999996,-0.34,-0.27392344497607657,-0.013157894736842105,0.0
37,2025-10-25,Wolves,GW,主胜,0.19584223501336168,0.2727272727272727,0.43,0.62,0.298444976076555,0.2601674641148325,0.0
38,2025-10-25,TE,MRC,主胜,-0.2214751767847372,-0.3181818181818182,-0.54,-0.8600000000000001,-0.2682806324110672,-0.3404150197628458,0.0
39,2025-10-25,GG,DOU5,主胜,-0.060122745101547255,-0.09090909090909088,-0.06999999999999999,0.25999999999999995,-0.24702380952380953,0.16964285714285715,0.0
40,2025-10-26,ACT,FPX.ZQ,主胜,-0.06448796377438157,-0.09090909090909094,0.22999999999999998,0.0,0.09090909090909091,0.17045454545454544,0.0
41,2025-10-26,WBG,DOU5,主胜,0.011363968961652517,0.0,-0.009090909090909089,-0.12,-0.18121693121693122,0.18253968253968256,0.0
42,2025-10-26,MRC,GW,主胜,0.33645528059654906,0.45833333333333337,0.7545454545454545,0.82,0.5149456521739131,0.3695652173913043,0.0
43,2025-10-31,Wolves,ACT,客胜,0.18265262864072157,0.25000000000000006,0.13636363636363638,0.45999999999999996,0.05689102564102566,0.09214743589743589,0.0
44,2025-10-31,TE,GR,客胜,-0.20667929315407718,-0.29166666666666663,-0.4545454545454545,-0.54,-0.25875000000000004,-0.26,0.0
45,2025-10-31,GG,FPX.ZQ,主胜,0.13451506840865476,0.16666666666666669,0.35454545454545455,0.7,0.11458333333333333,0.29166666666666663,0.0
46,2025-11-01,DOU5,WBG,客胜,-0.08044819351911656,-0.07692307692307687,-0.125,-0.06,0.07916666666666669,-0.22916666666666663,-0.8
47,2025-11-01,GW,GG,客胜,-0.24318893703922412,-0.30769230769230765,-0.39166666666666666,-0.76,-0.22962962962962963,-0.2411111111111111,-1.1
48,2025-11-01,TE,FPX.ZQ,主胜,0.14827988223188185,0.15384615384615385,0.3,0.74,0.25,0.08664021164021163,0.7
49,2025-11-02,MRC,GR,主胜,-0.07741922219155413,-0.07692307692307698,-0.05833333333333335,-0.18,-0.11431623931623935,0.06481481481481481,-0.0
50,2025-11-02,DOU5,Wolves,客胜,-0.09760827837968236,-0.10989010989010989,-0.08717948717948718,-0.36,0.08747464503042596,-0.17342799188640973,-0.7
51,2025-11-02,ACT,TE,客胜,-0.0947866266607258,-0.11538461538461536,0.06089743589743589,-0.2,-0.11798088410991636,0.1813022700119474,-0.4
52,2025-11-07,TE,DOU5,主胜,0.15652809768426665,0.1333333333333333,0.049999999999999996,0.54,0.05569205569205568,-0.012489762489762524,-0.3
53,2025-11-07,GW,FPX.ZQ,客胜,-0.045795176993675565,-0.07142857142857142,-0.03076923076923075,-0.15999999999999998,-0.1494047619047619,0.08571428571428569,-0.4
54,2025-11-07,GG,WBG,客胜,-0.007887265565994426,0.0,-0.10769230769230771,0.08,-0.07976190476190476,-0.04642857142857144,-0.4
55,2025-11-08,ACT,MRC,客胜,-0.31792234250835916,-0.39285714285714285,-0.4230769230769231,-0.2,-0.32573891625615764,-0.16379310344827586,-0.2
56,2025-11-08,WBG,Wolves,客胜,0.04997389749096157,0.02857142857142858,0.09505494505494505,0.08,0.07760416666666667,0.04375,-0.2
57,2025-11-08,FPX.ZQ,GG,客胜,-0.18045302595235968,-0.2,-0.2571428571428571,-0.42000000000000004,-0.046875,-0.234375,-0.3
58,2025-11-09,TE,WBG,客胜,0.01255082999771389,0.0,-0.13999999999999999,0.0,0.0246212121212121,-0.18181818181818182,-0.5
59,2025-11-09,GR,DOU5,主胜,0.34722903947424927,0.375,0.4241025641025641,0.7,0.32262931034482756,0.13556034482758617,0.4
60,2025-11-09,GW,ACT,客胜,-0.13668171929939774,-0.1333333333333333,-0.3571428571428571,-0.6799999999999999,-0.234375,-0.18593749999999998,-1.2
61,2025-11-14,GG,TE,主胜,0.010546162714541084,0.03308823529411764,0.03125,0.06,-0.07582417582417583,0.10787545787545788,-0.7
62,2025-11-14,FPX.ZQ,GR,客胜,-0.41596517115573933,-0.4541666666666667,-0.6352380952380953,-0.52,-0.44285714285714284,-0.24508928571428573,-0.7
63,2025-11-14,GW,DOU5,客胜,-0.13913220243129218,-0.16544117647058826,-0.2870833333333333,0.040000000000000036,-0.30902043692741366,-0.039112050739957716,-1.2
64,2025-11-15,GG,GR,客胜,-0.16468658870939293,-0.19301470588235292,-0.29625,-0.039999999999999994,-0.356390977443609,0.0381578947368421,-0.7
65,2025-11-15,WBG,MRC,客胜,-0.1317617528210866,-0.17843137254901964,-0.24642857142857144,0.020000000000000018,-0.21796594982078854,-0.0625,-0.7
66,2025-11-15,ACT,Wolves,客胜,-0.19063109033510103,-0.22499999999999998,-0.13333333333333333,0.12000000000000002,-0.07142857142857142,-0.06428571428571428,0.5
67,2025-11-16,WBG,GW,主胜,0.39755432688799774,0.3790849673202614,0.4878676470588236,0.45999999999999996,0.32318376068376065,0.21688034188034186,0.7
68,2025-11-16,GG,Wolves,主胜,-0.05776452109875322,-0.06944444444444442,-0.1384313725490196,-0.32,-0.053289473684210525,-0.08421052631578947,0.2
69,2025-11-16,MRC,TE,主胜,0.25452837382721893,0.28125,0.443921568627451,0.27999999999999997,0.24929971988795518,0.23389355742296916,-0.5
70,2025-11-21,GW,GR,客胜,-0.6270875422240249,-0.6274509803921569,-0.7867647058823529,-0.74,-0.6456258890469416,-0.2203058321479374,-0.5
71,2025-11-21,ACT,DOU5,客胜,-0.0002562744613919676,-0.03594771241830064,0.013970588235294113,0.12,-0.0981121281464531,0.10297482837528604,-0.1
72,2025-11-21,MRC,Wolves,客胜,0.20786163005856167,0.2058823529411764,0.325,0.44000000000000006,0.3145325203252033,0.0584349593495935,0.7
73,2025-11-22,WBG,ACT,主胜,0.2547985665891639,0.24561403508771934,0.21013071895424834,0.4,0.16280487804878047,0.0649390243902439,0.4
74,2025-11-22,TE,GW,主胜,0.3426005246643672,0.3157894736842105,0.3055555555555555,0.26,0.26150221729490025,0.083009977827051,-1.2
75,2025-11-22,FPX.ZQ,Wolves,客胜,-0.3253208866668388,-0.3169934640522876,-0.4363970588235294,-0.4800000000000001,-0.09240430622009568,-0.3567583732057416,-0.4
76,2025-11-23,GR,TE,主胜,0.2893495898261131,0.3055555555555556,0.48359133126934983,0.58,0.3541223404255319,0.1550531914893617,0.5
77,2025-11-23,MRC,GG,主胜,0.14775820989655927,0.17105263157894735,0.3362745098039216,0.31999999999999995,0.2713178294573644,0.095855694692904,0.5
78,2025-11-23,FPX.ZQ,DOU5,客胜,-0.13163301596821556,-0.14327485380116955,-0.29117647058823526,-0.2,-0.12563516260162602,-0.1811483739837398,-0.8
79,2025-11-27,GW,Wolves,客胜,-0.5268822607768686,-0.481578947368421,-0.5815789473684211,-0.86,-0.25967117988394584,-0.3498549323017408,-0.5
80,2025-11-27,FPX.ZQ,MRC,客胜,-0.5280538902225191,-0.5,-0.7222222222222222,-0.6599999999999999,-0.36553030303030304,-0.39123376623376627,-1.4
81,2025-11-27,GG,ACT,主胜,0.2559741272090156,0.23421052631578954,0.04005847953216375,0.13999999999999999,0.026162790697674423,0.016051567239635994,0.7
82,2025-11-28,FPX.ZQ,WBG,主胜,-0.3869558060490709,-0.35,-0.46842105263157896,-0.5,-0.16230237154150196,-0.32633399209486164,0.0
83,2025-11-28,GR,Wolves,客胜,0.1565195160406222,0.1657894736842105,0.24795321637426895,0.28,0.37755102040816324,-0.09523809523809525,0.8
84,2025-11-28,GW,MRC,主胜,-0.6869819617398361,-0.6321428571428571,-0.8142105263157895,-0.9600000000000002,-0.5306324110671936,-0.3515316205533597,-0.4
85,2025-11-29,DOU5,GG,主胜,-0.15595895339412608,-0.12142857142857139,-0.04105263157894737,0.08,0.024203431372549017,-0.06464460784313728,0.1
86,2025-11-29,ACT,GR,客胜,-0.4901776546212159,-0.47500000000000003,-0.42631578947368426,-0.5599999999999999,-0.4285353535353535,-0.029292929292929287,-0.7
87,2025-11-29,TE,Wolves,主胜,-0.2215767942266501,-0.19047619047619047,-0.33499999999999996,-0.9,-0.041416566626650664,-0.29181672669067626,-0.8
88,2025-11-30,DOU5,MRC,客胜,-0.2536747994627012,-0.261904761904762,-0.305,0.18,-0.22644927536231882,-0.10909822866344604,-0.9
89,2025-11-30,FPX.ZQ,ACT,主胜,0.009597009998635143,0.0,-0.225,-0.07999999999999999,-0.05303996598639455,-0.17431972789115643,-0.7
90,2025-11-30,GR,WBG,平局,0.2271150888293539,0.2142857142857143,0.23500000000000001,0.28,0.32978723404255317,-0.07978723404255318,0.7
